{"fist":{"0":1.80032455921173,"1":1.81006741523743,"10":0,"11":1.13932347297668,"12":2.90525603294373,"13":2.22337198257446,"14":2.22337198257446,"15":0,"16":1.3205281496048,"17":2.9504725933075,"18":2.18445253372192,"19":2.18445253372192,"2":1.8669855594635,"20":0.506991386413574,"21":1.44780898094177,"22":2.98585653305054,"23":2.30666160583496,"24":2.30666160583496,"25":0,"3":2.26905798912048,"4":2.26905798912048,"5":0,"6":0.887721121311188,"7":2.77151918411255,"8":2.9245719909668,"9":2.9245719909668},"five":{"0":2.94100427627563,"1":1.43797743320465,"10":0,"11":0.39051565527916,"12":0.516354143619537,"13":0.476117014884949,"14":0.476117014884949,"15":0,"16":0.452164858579636,"17":0.534575760364532,"18":0.576291382312775,"19":0.576291382312775,"2":1.19453740119934,"20":0.506991386413574,"21":0.777127265930176,"22":0.897560954093933,"23":0.836521923542023,"24":0.836521923542023,"25":0,"3":1.42995059490204,"4":1.42995059490204,"5":0,"6":0.47447270154953,"7":0.671852171421051,"8":0.821673512458801,"9":0.821673512458801},"four":{"0":2.743577003479,"1":1.64571082592011,"10":0,"11":0.161515340209007,"12":0.258640974760056,"13":0.215632706880569,"14":0.215632706880569,"15":0,"16":0.289163500070572,"17":0.330210119485855,"18":0.309616029262543,"19":0.309616029262543,"2":1.74426126480103,"20":0.506991386413574,"21":0.698248445987701,"22":0.795323133468628,"23":0.699889361858368,"24":0.699889361858368,"25":0,"3":2.2894458770752,"4":2.2894458770752,"5":0,"6":0.238594502210617,"7":0.395628213882446,"8":0.544211626052856,"9":0.544211626052856},"middle_finger":{"0":2.95882725715637,"1":1.7565895318985,"10":0,"11":1.00997543334961,"12":1.24596679210663,"13":1.21861696243286,"14":1.21861696243286,"15":0,"16":1.38937926292419,"17":3.04660987854004,"18":2.20826721191406,"19":2.20826721191406,"2":1.80348587036133,"20":0.506991386413574,"21":1.47334158420563,"22":3.12102341651917,"23":2.27064514160156,"24":2.27064514160156,"25":0,"3":2.35157084465027,"4":2.35157084465027,"5":0,"6":1.22580504417419,"7":2.94895577430725,"8":3.10159420967102,"9":3.10159420967102},"one":{"0":2.7874059677124,"1":1.68661725521088,"10":0,"11":1.2476714849472,"12":2.98165321350098,"13":2.24108123779297,"14":2.24108123779297,"15":0,"16":1.48961055278778,"17":3.13770174980164,"18":2.07421326637268,"19":2.07421326637268,"2":1.64040911197662,"20":0.506991386413574,"21":1.58684909343719,"22":3.12911987304688,"23":2.17558431625366,"24":2.17558431625366,"25":0,"3":2.22197914123535,"4":2.22197914123535,"5":0,"6":0.426894038915634,"7":0.701264083385468,"8":0.854068100452423,"9":0.854068100452423},"open":{"0":1.79681599140167,"1":1.61647415161133,"10":0,"11":0.19840382039547,"12":0.282833606004715,"13":0.296945929527283,"14":0.296945929527283,"15":0,"16":0.383484899997711,"17":0.431149661540985,"18":0.440121471881866,"19":0.440121471881866,"2":1.40323102474213,"20":0.506991386413574,"21":0.712208688259125,"22":0.833346486091614,"23":0.753431260585785,"24":0.753431260585785,"25":0,"3":1.675652384758,"4":1.675652384758,"5":0,"6":0.110235475003719,"7":0.112193554639816,"8":0.252867937088013,"9":0.252867937088013},"rest":{"0":1.65878069400787,"1":1.58899056911469,"10":0,"11":0.493069380521774,"12":1.01995408535004,"13":1.24817025661469,"14":1.24817025661469,"15":0,"16":0.541207909584045,"17":0.956905961036682,"18":1.24192214012146,"19":1.24192214012146,"2":1.38787722587585,"20":0.506991386413574,"21":0.678399384021759,"22":1.12124347686768,"23":1.20676231384277,"24":1.20676231384277,"25":0,"3":1.60320246219635,"4":1.60320246219635,"5":0,"6":0.50452047586441,"7":1.05225920677185,"8":1.20523798465729,"9":1.20523798465729},"three":{"0":2.41406226158142,"1":1.4236307144165,"10":0,"11":0.822455108165741,"12":0.966902196407318,"13":0.966354548931122,"14":0.966354548931122,"15":0,"16":1.57802367210388,"17":3.0200731754303,"18":1.86047863960266,"19":1.86047863960266,"2":1.20339870452881,"20":0.506991386413574,"21":1.78905606269836,"22":3.06536722183228,"23":2.13804125785828,"24":2.13804125785828,"25":0,"3":1.5013382434845,"4":1.5013382434845,"5":0,"6":0.298138529062271,"7":0.429654538631439,"8":0.581642925739288,"9":0.581642925739288},"thumb_up":{"0":1.53093421459198,"1":1.35404336452484,"2":1.16155755519867,"3":1.50314497947693,"4":1.50314497947693,"5":0,"6":1.30217051506042,"7":3.09697318077087,"8":2.94398474693298,"9":2.94398474693298,"10":0,"11":1.46174299716949,"12":3.1263575553894,"13":1.95378744602203,"14":1.95378744602203,"15":0,"16":1.57930290699005,"17":3.08122301101685,"18":1.84909927845001,"19":1.84909927845001,"20":0.506991386413574,"21":1.57233059406281,"22":3.1199779510498,"23":2.0284149646759,"24":2.0284149646759,"25":0},"two":{"0":2.72631430625916,"1":1.4573712348938,"10":0,"11":1.30955243110657,"12":3.0975353717804,"13":1.98081612586975,"14":1.98081612586975,"15":0,"16":1.51712000370026,"17":3.07377171516418,"18":1.86301779747009,"19":1.86301779747009,"2":1.23104190826416,"20":0.506991386413574,"21":1.63895297050476,"22":3.04490065574646,"23":1.99438416957855,"24":1.99438416957855,"25":0,"3":1.4408164024353,"4":1.4408164024353,"5":0,"6":0.512651145458221,"7":0.770726323127747,"8":0.923688113689423,"9":0.923688113689423}}
