{"full_grip":{"0":0,"1":0.0425706915557384,"2":0.082670584321022,"3":0.1012938991189,"4":0.091520830988884,"5":0.0257907807826996,"6":0.0932638943195343,"7":0.116903178393841,"8":0.096477597951889,"9":0.0821082144975662,"10":0.0179369617253542,"11":0.087742917239666,"12":0.116202853620052,"13":0.0993891432881355,"14":0.0757858380675316,"15":0.0176167562603951,"16":0.0830204039812088,"17":0.108746491372585,"18":0.093938872218132,"19":0.0738708078861237,"20":0.024451682344079,"21":0.0836099684238434,"22":0.0991208478808403,"23":0.0897270292043686,"24":0.0725493580102921,"25":0.052518792450428},"half_grip":{"0":0,"1":0.0425706915557384,"10":0.0179369617253542,"11":0.0877595320343971,"12":0.12674979865551,"13":0.145803362131119,"14":0.151292711496353,"15":0.0176167562603951,"16":0.0830062553286552,"17":0.119461864233017,"18":0.136063396930695,"19":0.137766793370247,"2":0.0797439143061638,"20":0.0244516804814339,"21":0.0836381986737251,"22":0.109763242304325,"23":0.118639767169952,"24":0.121372140944004,"25":0.0525187961757183,"3":0.111781351268291,"4":0.139460429549217,"5":0.0257907807826996,"6":0.0930606499314308,"7":0.130852788686752,"8":0.145938262343407,"9":0.147443160414696},"open":{"0":0,"1":0.0425706915557384,"10":0.017936959862709,"11":0.087759755551815,"12":0.129890695214272,"13":0.162501931190491,"14":0.188087165355682,"15":0.0176167543977499,"16":0.0829738900065422,"17":0.122797966003418,"18":0.150932684540749,"19":0.172866150736809,"2":0.0797439068555832,"20":0.024451682344079,"21":0.0835866034030914,"22":0.11314045637846,"23":0.130311340093613,"24":0.147984236478806,"25":0.0525187887251377,"3":0.111781358718872,"4":0.139460414648056,"5":0.0257907789200544,"6":0.0928863510489464,"7":0.135074943304062,"8":0.163007229566574,"9":0.185480892658234},"point":{"0":0,"1":0.0425706915557384,"10":0.0179369617253542,"11":0.087742917239666,"12":0.116202801465988,"13":0.0993888527154922,"14":0.0757856816053391,"15":0.0176167543977499,"16":0.0830203965306282,"17":0.108746342360973,"18":0.0939387306571007,"19":0.0738706514239311,"2":0.0826705917716026,"20":0.024451682344079,"21":0.0836099684238434,"22":0.0991208851337433,"23":0.089727096259594,"24":0.0725494399666786,"25":0.052518792450428,"3":0.101293861865997,"4":0.0915207043290138,"5":0.0257907789200544,"6":0.0928863808512688,"7":0.13507491350174,"8":0.163007169961929,"9":0.185480833053589},"rest":{"0":0,"1":0.0425707511603832,"10":0.017936933785677,"11":0.0877895653247833,"12":0.127840504050255,"13":0.156035900115967,"14":0.175358504056931,"15":0.0176167711615562,"16":0.082972876727581,"17":0.120866410434246,"18":0.145854532718658,"19":0.163340106606483,"2":0.0824650898575783,"20":0.0244517009705305,"21":0.0841583013534546,"22":0.112918473780155,"23":0.129305303096771,"24":0.144443199038506,"25":0.0525186434388161,"3":0.111419640481472,"4":0.13606122136116,"5":0.0257906578481197,"6":0.0941025614738464,"7":0.132854118943214,"8":0.155257537961006,"9":0.172708243131638},"thumb_up":{"0":0,"1":0.0425706915557384,"10":0.017936959862709,"11":0.087742917239666,"12":0.116202965378761,"13":0.0993895530700684,"14":0.075786404311657,"15":0.0176167543977499,"16":0.0830203965306282,"17":0.108746625483036,"18":0.0939390137791634,"19":0.073870912194252,"2":0.079743929207325,"20":0.0244516804814339,"21":0.0836099460721016,"22":0.0991207584738731,"23":0.089726909995079,"24":0.0725492313504219,"25":0.0525187887251377,"3":0.111781373620033,"4":0.13946045935154,"5":0.0257907826453447,"6":0.0932639390230179,"7":0.116903342306614,"8":0.0964777320623398,"9":0.0821084529161453}}
